<?xml version="1.0" encoding="UTF-8"?>
<project-private xmlns="http://www.netbeans.org/ns/project-private/1">
    <editor-bookmarks xmlns="http://www.netbeans.org/ns/editor-bookmarks/2" lastBookmarkId="0"/>
    <open-files xmlns="http://www.netbeans.org/ns/projectui-open-files/2">
        <group>
            <file>file:/C:/Users/admin%201/Documents/NetBeansProjects/Hospital_Management_System/src/hospitalInformation.java</file>
            <file>file:/C:/Users/admin%201/Documents/NetBeansProjects/Hospital_Management_System/src/project/ConnectionProvider.java</file>
            <file>file:/C:/Users/admin%201/Documents/NetBeansProjects/Hospital_Management_System/src/login.java</file>
        </group>
    </open-files>
</project-private>
